First Name,Middle Name,Last Name,Suffix,Contact Number,Precinct Number,Address
Ricardo,Dyla,Batombakal,Jr,94893782729,4,Binanuaan 123 #2
Vallie,Wintheiser,Jakubowski,,15857414958,4,"61015 Willms Path
 Port Alysa, WV 27088-2982"
Vallie,Wintheiser,Jakubowski,,15857414958,7,"61015 Willms Path
 Port Alysa, WV 27088-2982"
Amalia,Lehner,Schowalter,,12525609213,2,"1276 Zoila Circles Apt. 543 Jordonstad, DE 38659"
Johnny,Johnny,Yes Papa,,10425609213,1,Daet Cams
Jairo,Schulist,Rolfson,,16467940444,0,"4911 Karl View Lake Hugh, NV 29380-0639"
Trace,Nitzsche,Simonis,,18068528766,8,"54876 Davis Causeway Apt. 401 Merlinhaven, PA 76806-0154"
Simeon,Kunze,Johnston,,16510679190,8,"548 Hamill Point East Augusta, VA 70131"
Moises,Kris,Bruen,,15100540789,0,"59072 Kathryn Springs Apt. 876 Lake Blancaville, HI 38963"
Zachariah,Beier,Weber,,12245685890,4,"26508 Odessa Well Suite 597 East Amya, IN 91490-9572"
Mandy,Ankunding,Kihn,,16809147740,8,"5648 Abbott Grove Lake Clarissa, NH 07148"
Dillon,Brown,Mueller,,13512562311,0,"2287 Brady Dale Suite 226 Kassulkehaven, UT 37396-5187"
Therese,Doyle,O'Conner,,18281121511,,"3886 Mitchell Valley Suite 096 Idamouth, CT 40525-6590"
