First Name,Middle Name,Last Name,Contact Number,Site No,Address
Vallie,Wintheiser,Jakubowski,15857414958,4,"61015 Willms Path
 Port Alysa, WV 27088-2982"
Vallie,Wintheiser,Jakubowski,15857414958,4,"61015 Willms Path
 Port Alysa, WV 27088-2982"
Amalia,Lehner,Schowalter,12525609213,7,"1276 Zoila Circles Apt. 543 Jordonstad, DE 38659"
Johnny,Johnny,Yes Papa,10425609213,2,Daet Cams
Jairo,Schulist,Rolfson,16467940444,1,"4911 Karl View Lake Hugh, NV 29380-0639"
Trace,Nitzsche,Simonis,18068528766,0,"54876 Davis Causeway Apt. 401 Merlinhaven, PA 76806-0154"
Simeon,Kunze,Johnston,16510679190,8,"548 Hamill Point East Augusta, VA 70131"
Moises,Kris,Bruen,15100540789,8,"59072 Kathryn Springs Apt. 876 Lake Blancaville, HI 38963"
Zachariah,Beier,Weber,12245685890,0,"26508 Odessa Well Suite 597 East Amya, IN 91490-9572"
Mandy,Ankunding,Kihn,16809147740,4,"5648 Abbott Grove Lake Clarissa, NH 07148"
Dillon,Brown,Mueller,13512562311,8,"2287 Brady Dale Suite 226 Kassulkehaven, UT 37396-5187"
Therese,Doyle,O'Conner,18281121511,0,"3886 Mitchell Valley Suite 096 Idamouth, CT 40525-6590"
